ID,water_temp,fish_abundance,fish_biomass_mgL,aquarium,filter,eDNA_ngL
1,7,0,0,13,MCE_0.2,4.19E-08
2,7,0,0,13,MCE_0.2,0
3,7,0,0,13,MCE_0.2,0
4,7,0,0,14,MCE_0.2,0
5,7,0,0,14,MCE_0.2,0.018356906
6,7,0,0,14,MCE_0.2,0
7,7,0,0,15,MCE_0.2,0
8,7,0,0,15,MCE_0.2,0
9,7,0,0,15,MCE_0.2,0.0213238
43,7,0,0,13,MCE_0.2,0
44,7,0,0,13,MCE_0.2,0
45,7,0,0,13,MCE_0.2,0
46,7,0,0,14,MCE_0.2,0
47,7,0,0,14,MCE_0.2,0
48,7,0,0,14,MCE_0.2,0.02733932
49,7,0,0,15,MCE_0.2,0.043393273
50,7,0,0,15,MCE_0.2,0
51,7,0,0,15,MCE_0.2,0
1,7,0,0,13,MCE_0.45,0
2,7,0,0,13,MCE_0.45,0
3,7,0,0,13,MCE_0.45,0
4,7,0,0,14,MCE_0.45,0
5,7,0,0,14,MCE_0.45,0
6,7,0,0,14,MCE_0.45,0
7,7,0,0,15,MCE_0.45,0
8,7,0,0,15,MCE_0.45,0
9,7,0,0,15,MCE_0.45,0
46,7,0,0,13,MCE_0.45,0
47,7,0,0,13,MCE_0.45,0
48,7,0,0,13,MCE_0.45,0
49,7,0,0,14,MCE_0.45,0
50,7,0,0,14,MCE_0.45,0
51,7,0,0,14,MCE_0.45,0
52,7,0,0,15,MCE_0.45,0
53,7,0,0,15,MCE_0.45,0
54,7,0,0,15,MCE_0.45,0
1,7,0,0,13,GF_0.7,0
2,7,0,0,13,GF_0.7,0
3,7,0,0,13,GF_0.7,0
4,7,0,0,14,GF_0.7,0
5,7,0,0,14,GF_0.7,0
6,7,0,0,14,GF_0.7,7.20E-05
7,7,0,0,15,GF_0.7,0
8,7,0,0,15,GF_0.7,0.048640908
9,7,0,0,15,GF_0.7,0
46,7,0,0,13,GF_0.7,0
47,7,0,0,13,GF_0.7,0
48,7,0,0,13,GF_0.7,0
49,7,0,0,14,GF_0.7,2.01E-09
50,7,0,0,14,GF_0.7,0
51,7,0,0,14,GF_0.7,1.21E-45
52,7,0,0,15,GF_0.7,0
53,7,0,0,15,GF_0.7,0
54,7,0,0,15,GF_0.7,0
1,7,0,0,14,GF_1.2,0.034420445
2,7,0,0,14,GF_1.2,0
3,7,0,0,14,GF_1.2,0.024000641
4,7,0,0,15,GF_1.2,0
5,7,0,0,15,GF_1.2,0.016213636
6,7,0,0,15,GF_1.2,0
40,7,0,0,14,GF_1.2,0.062648876
41,7,0,0,14,GF_1.2,0.058329155
42,7,0,0,14,GF_1.2,0.069241442
43,7,0,0,15,GF_1.2,0.031246059
44,7,0,0,15,GF_1.2,3.06E-09
45,7,0,0,15,GF_1.2,0.019217863
1,7,0,0,13,GF_3.0,0
2,7,0,0,13,GF_3.0,0
3,7,0,0,13,GF_3.0,0
4,7,0,0,14,GF_3.0,0
5,7,0,0,14,GF_3.0,0
6,7,0,0,14,GF_3.0,0.034357781
7,7,0,0,15,GF_3.0,0
8,7,0,0,15,GF_3.0,0
9,7,0,0,15,GF_3.0,0
46,7,0,0,13,GF_3.0,0
47,7,0,0,13,GF_3.0,0.12794495
48,7,0,0,13,GF_3.0,0
49,7,0,0,14,GF_3.0,0
50,7,0,0,14,GF_3.0,0
51,7,0,0,14,GF_3.0,0
52,7,0,0,15,GF_3.0,0
53,7,0,0,15,GF_3.0,0
54,7,0,0,15,GF_3.0,0.088615576
10,7,5,135,1,MCE_0.2,14.61489052
11,7,5,135,1,MCE_0.2,13.8369143
12,7,5,135,1,MCE_0.2,15.09062052
52,7,5,135,1,MCE_0.2,22.32566103
53,7,5,135,1,MCE_0.2,25.22351965
54,7,5,135,1,MCE_0.2,22.4412512
10,7,5,135,1,MCE_0.45,0
11,7,5,135,1,MCE_0.45,0
12,7,5,135,1,MCE_0.45,0
55,7,5,135,1,MCE_0.45,0
56,7,5,135,1,MCE_0.45,0
57,7,5,135,1,MCE_0.45,0
10,7,5,135,1,GF_0.7,0
11,7,5,135,1,GF_0.7,0
12,7,5,135,1,GF_0.7,0
55,7,5,135,1,GF_0.7,0
56,7,5,135,1,GF_0.7,0
57,7,5,135,1,GF_0.7,0
10,7,5,135,1,GF_3.0,0
11,7,5,135,1,GF_3.0,0.065207707
12,7,5,135,1,GF_3.0,0.109073466
55,7,5,135,1,GF_3.0,0
56,7,5,135,1,GF_3.0,0.108877895
57,7,5,135,1,GF_3.0,0
13,7,5,175,2,MCE_0.2,0.802708138
14,7,5,175,2,MCE_0.2,1.195901725
15,7,5,175,2,MCE_0.2,0.910083577
55,7,5,175,2,MCE_0.2,2.138267504
56,7,5,175,2,MCE_0.2,1.377664506
57,7,5,175,2,MCE_0.2,1.4444642
13,7,5,175,2,MCE_0.45,0.122035563
14,7,5,175,2,MCE_0.45,0.078227819
15,7,5,175,2,MCE_0.45,0.052904559
58,7,5,175,2,MCE_0.45,0.088811146
59,7,5,175,2,MCE_0.45,0.018067292
60,7,5,175,2,MCE_0.45,0.099457873
13,7,5,175,2,GF_0.7,0.657520955
14,7,5,175,2,GF_0.7,0.643570628
15,7,5,175,2,GF_0.7,0.665330607
58,7,5,175,2,GF_0.7,0.9854
59,7,5,175,2,GF_0.7,0.74
60,7,5,175,2,GF_0.7,0.694958551
7,7,5,175,2,GF_1.2,2.191736518
8,7,5,175,2,GF_1.2,2.145235427
9,7,5,175,2,GF_1.2,2.217768691
46,7,5,175,2,GF_1.2,2.790307316
47,7,5,175,2,GF_1.2,2.849467099
48,7,5,175,2,GF_1.2,2.780792924
13,7,5,175,2,GF_3.0,8.934764192
14,7,5,175,2,GF_3.0,9.918207303
15,7,5,175,2,GF_3.0,9.036994539
58,7,5,175,2,GF_3.0,14.54405766
59,7,5,175,2,GF_3.0,12.73933146
60,7,5,175,2,GF_3.0,11.1469999
16,7,5,205,3,MCE_0.2,0
17,7,5,205,3,MCE_0.2,0
18,7,5,205,3,MCE_0.2,0
58,7,5,205,3,MCE_0.2,0
59,7,5,205,3,MCE_0.2,0
60,7,5,205,3,MCE_0.2,0
16,7,5,205,3,MCE_0.45,2.616114914
17,7,5,205,3,MCE_0.45,2.230355516
18,7,5,205,3,MCE_0.45,2.222889103
61,7,5,205,3,MCE_0.45,3.036413807
62,7,5,205,3,MCE_0.45,2.668970264
63,7,5,205,3,MCE_0.45,2.773752436
16,7,5,205,3,GF_0.7,0.100786216
17,7,5,205,3,GF_0.7,0.25231039
18,7,5,205,3,GF_0.7,0.092107453
61,7,5,205,3,GF_0.7,0.774561556
62,7,5,205,3,GF_0.7,0
63,7,5,205,3,GF_0.7,0
10,7,5,205,3,GF_1.2,0.033595405
11,7,5,205,3,GF_1.2,0.084103463
12,7,5,205,3,GF_1.2,0.030702484
49,7,5,205,3,GF_1.2,0.061348478
50,7,5,205,3,GF_1.2,0.075293957
51,7,5,205,3,GF_1.2,0.078389945
16,7,5,205,3,GF_3.0,0
17,7,5,205,3,GF_3.0,0
18,7,5,205,3,GF_3.0,0
61,7,5,205,3,GF_3.0,0
62,7,5,205,3,GF_3.0,0
63,7,5,205,3,GF_3.0,0
25,7,10,240,6,MCE_0.2,40.86710811
26,7,10,240,6,MCE_0.2,38.23418021
27,7,10,240,6,MCE_0.2,38.1194979
67,7,10,240,6,MCE_0.2,49.28942025
68,7,10,240,6,MCE_0.2,49.16940629
69,7,10,240,6,MCE_0.2,47.39813879
25,7,10,240,6,MCE_0.45,3.320840746
26,7,10,240,6,MCE_0.45,3.14861089
27,7,10,240,6,MCE_0.45,2.49611903
70,7,10,240,6,MCE_0.45,2.949917922
71,7,10,240,6,MCE_0.45,4.760424607
72,7,10,240,6,MCE_0.45,3.136187559
25,7,10,240,6,GF_0.7,4.778270668
26,7,10,240,6,GF_0.7,3.702854738
27,7,10,240,6,GF_0.7,5.414106417
70,7,10,240,6,GF_0.7,8.376605158
71,7,10,240,6,GF_0.7,4.153933721
72,7,10,240,6,GF_0.7,2.018230687
19,7,10,240,6,GF_1.2,0.159275689
20,7,10,240,6,GF_1.2,0.123428491
21,7,10,240,6,GF_1.2,0.180470214
58,7,10,240,6,GF_1.2,0.240926592
59,7,10,240,6,GF_1.2,0.196315465
60,7,10,240,6,GF_1.2,0.142585282
25,7,10,240,6,GF_3.0,13.74015398
26,7,10,240,6,GF_3.0,13.81148491
27,7,10,240,6,GF_3.0,14.62308317
70,7,10,240,6,GF_3.0,16.59306884
71,7,10,240,6,GF_3.0,16.33673161
72,7,10,240,6,GF_3.0,18.47853325
22,7,10,295,5,MCE_0.2,0
23,7,10,295,5,MCE_0.2,0
24,7,10,295,5,MCE_0.2,0
64,7,10,295,5,MCE_0.2,0
65,7,10,295,5,MCE_0.2,0.075164571
66,7,10,295,5,MCE_0.2,0
22,7,10,295,5,MCE_0.45,0
23,7,10,295,5,MCE_0.45,0.206000335
24,7,10,295,5,MCE_0.45,0.039640677
67,7,10,295,5,MCE_0.45,0.107092135
68,7,10,295,5,MCE_0.45,0.122259167
69,7,10,295,5,MCE_0.45,0.081977581
22,7,10,295,5,GF_0.7,69.37302649
23,7,10,295,5,GF_0.7,80.23480326
24,7,10,295,5,GF_0.7,70.27492672
67,7,10,295,5,GF_0.7,59.50454784
68,7,10,295,5,GF_0.7,92.16052429
69,7,10,295,5,GF_0.7,40.13935821
16,7,10,295,5,GF_1.2,23.12434216
17,7,10,295,5,GF_1.2,26.74493442
18,7,10,295,5,GF_1.2,23.42497557
55,7,10,295,5,GF_1.2,33.30789506
56,7,10,295,5,GF_1.2,34.22937045
57,7,10,295,5,GF_1.2,31.49249156
22,7,10,295,5,GF_3.0,0
23,7,10,295,5,GF_3.0,0
24,7,10,295,5,GF_3.0,0
67,7,10,295,5,GF_3.0,0
68,7,10,295,5,GF_3.0,0
69,7,10,295,5,GF_3.0,0
19,7,10,335,4,MCE_0.2,0
20,7,10,335,4,MCE_0.2,0
21,7,10,335,4,MCE_0.2,0
61,7,10,335,4,MCE_0.2,0.033364948
62,7,10,335,4,MCE_0.2,0
63,7,10,335,4,MCE_0.2,0.063616892
19,7,10,335,4,MCE_0.45,167.8337812
20,7,10,335,4,MCE_0.45,167.7880764
21,7,10,335,4,MCE_0.45,216.9647694
64,7,10,335,4,MCE_0.45,230.1012278
65,7,10,335,4,MCE_0.45,350.4326344
66,7,10,335,4,MCE_0.45,221.6845751
19,7,10,335,4,GF_0.7,1755.579114
20,7,10,335,4,GF_0.7,1673.845172
21,7,10,335,4,GF_0.7,1777.773499
64,7,10,335,4,GF_0.7,586.6
65,7,10,335,4,GF_0.7,0
66,7,10,335,4,GF_0.7,512.987
13,7,10,335,4,GF_1.2,585.193038
14,7,10,335,4,GF_1.2,557.9483906
15,7,10,335,4,GF_1.2,592.5911665
52,7,10,335,4,GF_1.2,779.7299226
53,7,10,335,4,GF_1.2,688.1303787
54,7,10,335,4,GF_1.2,718.8006242
19,7,10,335,4,GF_3.0,377.295047
20,7,10,335,4,GF_3.0,371.5296686
21,7,10,335,4,GF_3.0,375.58043
64,7,10,335,4,GF_3.0,393.7713802
65,7,10,335,4,GF_3.0,369.8118925
66,7,10,335,4,GF_3.0,392.447859
34,7,15,345,9,MCE_0.45,79.20944095
35,7,15,345,9,MCE_0.45,76.81767344
36,7,15,345,9,MCE_0.45,71.89112306
79,7,15,345,9,MCE_0.45,106.752187
80,7,15,345,9,MCE_0.45,100.80567
81,7,15,345,9,MCE_0.45,99.7184664
34,7,15,345,9,GF_0.7,244.5896864
35,7,15,345,9,GF_0.7,248.5626936
36,7,15,345,9,GF_0.7,220.8113819
79,7,15,345,9,GF_0.7,183.80032
80,7,15,345,9,GF_0.7,278.1619098
81,7,15,345,9,GF_0.7,120.1745203
28,7,15,345,9,GF_1.2,81.52989546
29,7,15,345,9,GF_1.2,82.8542312
30,7,15,345,9,GF_1.2,73.60379398
67,7,15,345,9,GF_1.2,106.537511
68,7,15,345,9,GF_1.2,99.16751583
69,7,15,345,9,GF_1.2,104.0154099
34,7,15,345,9,GF_3.0,1.047344296
35,7,15,345,9,GF_3.0,0.7321866
36,7,15,345,9,GF_3.0,0.646981818
79,7,15,345,9,GF_3.0,1.26800919
80,7,15,345,9,GF_3.0,1.212535659
81,7,15,345,9,GF_3.0,0.942457933
28,7,15,405,7,MCE_0.2,4.913039505
29,7,15,405,7,MCE_0.2,4.252903908
30,7,15,405,7,MCE_0.2,3.469966725
70,7,15,405,7,MCE_0.2,5.583379418
71,7,15,405,7,MCE_0.2,4.537164234
72,7,15,405,7,MCE_0.2,4.950454459
28,7,15,405,7,MCE_0.45,25.08244812
29,7,15,405,7,MCE_0.45,24.18989986
30,7,15,405,7,MCE_0.45,23.55001569
73,7,15,405,7,MCE_0.45,30.16997874
74,7,15,405,7,MCE_0.45,30.32503277
75,7,15,405,7,MCE_0.45,29.46954966
28,7,15,405,7,GF_0.7,33.84036943
29,7,15,405,7,GF_0.7,33.68202597
30,7,15,405,7,GF_0.7,33.34635496
73,7,15,405,7,GF_0.7,15.95045478
74,7,15,405,7,GF_0.7,39.21605243
75,7,15,405,7,GF_0.7,40.13935821
22,7,15,405,7,GF_1.2,11.28012314
23,7,15,405,7,GF_1.2,11.22734199
24,7,15,405,7,GF_1.2,11.11545165
61,7,15,405,7,GF_1.2,14.04703533
62,7,15,405,7,GF_1.2,12.94830317
63,7,15,405,7,GF_1.2,13.30281049
28,7,15,405,7,GF_3.0,11.35187969
29,7,15,405,7,GF_3.0,11.95988059
30,7,15,405,7,GF_3.0,11.4143081
73,7,15,405,7,GF_3.0,0.09103732
74,7,15,405,7,GF_3.0,13.13850097
75,7,15,405,7,GF_3.0,13.48983124
31,7,15,420,8,MCE_0.2,22.64617085
32,7,15,420,8,MCE_0.2,22.50460088
33,7,15,420,8,MCE_0.2,22.07796276
73,7,15,420,8,MCE_0.2,28.02774869
74,7,15,420,8,MCE_0.2,25.71314014
75,7,15,420,8,MCE_0.2,25.78437142
31,7,15,420,8,MCE_0.45,0.597600872
32,7,15,420,8,MCE_0.45,1.054069493
33,7,15,420,8,MCE_0.45,0.608924311
76,7,15,420,8,MCE_0.45,1.202251413
77,7,15,420,8,MCE_0.45,0.763165765
78,7,15,420,8,MCE_0.45,0.883853878
31,7,15,420,8,GF_0.7,0.688897213
32,7,15,420,8,GF_0.7,0.770636718
33,7,15,420,8,GF_0.7,0.874157529
76,7,15,420,8,GF_0.7,0.17100625
77,7,15,420,8,GF_0.7,0.2200387
78,7,15,420,8,GF_0.7,0.4580704
25,7,15,420,8,GF_1.2,0.229632404
26,7,15,420,8,GF_1.2,0.256878906
27,7,15,420,8,GF_1.2,0.291385843
64,7,15,420,8,GF_1.2,0.215594113
65,7,15,420,8,GF_1.2,0.362005434
66,7,15,420,8,GF_1.2,0.505280759
31,7,15,420,8,GF_3.0,8.91222246
32,7,15,420,8,GF_3.0,7.653890643
33,7,15,420,8,GF_3.0,7.940098643
76,7,15,420,8,GF_3.0,11.15919277
77,7,15,420,8,GF_3.0,10.25907509
78,7,15,420,8,GF_3.0,9.551589377
37,7,20,460,11,MCE_0.2,3.062183037
38,7,20,460,11,MCE_0.2,2.470198646
39,7,20,460,11,MCE_0.2,2.780396864
79,7,20,460,11,MCE_0.2,3.509541508
80,7,20,460,11,MCE_0.2,3.560563549
81,7,20,460,11,MCE_0.2,3.238063306
40,7,20,460,11,MCE_0.45,0.034212263
41,7,20,460,11,MCE_0.45,0
42,7,20,460,11,MCE_0.45,0.032977955
85,7,20,460,11,MCE_0.45,0.068648289
86,7,20,460,11,MCE_0.45,0.226611824
87,7,20,460,11,MCE_0.45,0.19997987
40,7,20,460,11,GF_0.7,480.8109403
41,7,20,460,11,GF_0.7,506.8123341
42,7,20,460,11,GF_0.7,458.6179852
85,7,20,460,11,GF_0.7,709.9584307
86,7,20,460,11,GF_0.7,221.8236109
87,7,20,460,11,GF_0.7,289.7915494
34,7,20,460,11,GF_1.2,160.2703134
35,7,20,460,11,GF_1.2,168.9374447
36,7,20,460,11,GF_1.2,152.8726617
73,7,20,460,11,GF_1.2,197.5933909
74,7,20,460,11,GF_1.2,239.9848898
75,7,20,460,11,GF_1.2,0.091358088
40,7,20,460,11,GF_3.0,59.97208506
41,7,20,460,11,GF_3.0,55.1748462
42,7,20,460,11,GF_3.0,56.48396164
85,7,20,460,11,GF_3.0,52.47264728
86,7,20,460,11,GF_3.0,67.24447757
87,7,20,460,11,GF_3.0,62.8670305
40,7,20,535,12,MCE_0.2,0.940191466
41,7,20,535,12,MCE_0.2,1.044243295
42,7,20,535,12,MCE_0.2,1.335186977
82,7,20,535,12,MCE_0.2,1.341162017
83,7,20,535,12,MCE_0.2,1.531162998
84,7,20,535,12,MCE_0.2,1.40869664
43,7,20,535,12,MCE_0.45,42.73925424
44,7,20,535,12,MCE_0.45,36.83345318
45,7,20,535,12,MCE_0.45,38.80000412
88,7,20,535,12,MCE_0.45,48.55528846
89,7,20,535,12,MCE_0.45,50.93945563
90,7,20,535,12,MCE_0.45,42.45768115
43,7,20,535,12,GF_0.7,9.376605158
44,7,20,535,12,GF_0.7,3.153933721
45,7,20,535,12,GF_0.7,1.018230687
88,7,20,535,12,GF_0.7,5.57938625
89,7,20,535,12,GF_0.7,1.10021625
90,7,20,535,12,GF_0.7,6.173128125
37,7,20,535,12,GF_1.2,0.031255351
38,7,20,535,12,GF_1.2,0.010513112
39,7,20,535,12,GF_1.2,0.033941023
76,7,20,535,12,GF_1.2,0.023436233
77,7,20,535,12,GF_1.2,0.055541469
78,7,20,535,12,GF_1.2,0.017874183
43,7,20,535,12,GF_3.0,19.62339506
44,7,20,535,12,GF_3.0,22.92076685
45,7,20,535,12,GF_3.0,19.40831542
88,7,20,535,12,GF_3.0,23.12051319
89,7,20,535,12,GF_3.0,0
90,7,20,535,12,GF_3.0,22.3506391
34,7,20,550,10,MCE_0.2,0
35,7,20,550,10,MCE_0.2,12.75226921
36,7,20,550,10,MCE_0.2,12.72531003
76,7,20,550,10,MCE_0.2,19.53246631
77,7,20,550,10,MCE_0.2,18.26063544
78,7,20,550,10,MCE_0.2,19.25718971
37,7,20,550,10,MCE_0.45,0.054820272
38,7,20,550,10,MCE_0.45,0.111214945
39,7,20,550,10,MCE_0.45,0
82,7,20,550,10,MCE_0.45,0
83,7,20,550,10,MCE_0.45,0
84,7,20,550,10,MCE_0.45,0.035524881
37,7,20,550,10,GF_0.7,0
38,7,20,550,10,GF_0.7,0
39,7,20,550,10,GF_0.7,0
82,7,20,550,10,GF_0.7,0
83,7,20,550,10,GF_0.7,0
84,7,20,550,10,GF_0.7,0
31,7,20,550,10,GF_1.2,0
32,7,20,550,10,GF_1.2,0
33,7,20,550,10,GF_1.2,0
70,7,20,550,10,GF_1.2,0
71,7,20,550,10,GF_1.2,0
72,7,20,550,10,GF_1.2,0
37,7,20,550,10,GF_3.0,0
38,7,20,550,10,GF_3.0,0
39,7,20,550,10,GF_3.0,0
82,7,20,550,10,GF_3.0,0
83,7,20,550,10,GF_3.0,0
84,7,20,550,10,GF_3.0,3.16E-09
1,14,0,0,13,MCE_0.2,0
2,14,0,0,13,MCE_0.2,0
3,14,0,0,13,MCE_0.2,0
4,14,0,0,14,MCE_0.2,0.007018016
5,14,0,0,14,MCE_0.2,0.003367309
6,14,0,0,14,MCE_0.2,0.006254129
7,14,0,0,15,MCE_0.2,0
8,14,0,0,15,MCE_0.2,0.000177785
9,14,0,0,15,MCE_0.2,0
46,14,0,0,13,MCE_0.2,0
47,14,0,0,13,MCE_0.2,0.003584137
48,14,0,0,13,MCE_0.2,0
49,14,0,0,14,MCE_0.2,0
50,14,0,0,14,MCE_0.2,0
51,14,0,0,14,MCE_0.2,0.015468631
52,14,0,0,15,MCE_0.2,0.011410307
53,14,0,0,15,MCE_0.2,0.011488919
54,14,0,0,15,MCE_0.2,0
1,14,0,0,13,MCE_0.45,0
2,14,0,0,13,MCE_0.45,0
3,14,0,0,13,MCE_0.45,0
4,14,0,0,14,MCE_0.45,0
5,14,0,0,14,MCE_0.45,1.08E-10
6,14,0,0,14,MCE_0.45,0
7,14,0,0,15,MCE_0.45,0
8,14,0,0,15,MCE_0.45,0
9,14,0,0,15,MCE_0.45,0
46,14,0,0,13,MCE_0.45,0
47,14,0,0,13,MCE_0.45,0
48,14,0,0,13,MCE_0.45,0
49,14,0,0,14,MCE_0.45,0
50,14,0,0,14,MCE_0.45,2.19E-10
51,14,0,0,14,MCE_0.45,0
52,14,0,0,15,MCE_0.45,0
53,14,0,0,15,MCE_0.45,4.67E-09
54,14,0,0,15,MCE_0.45,0
1,14,0,0,13,GF_0.7,0
2,14,0,0,13,GF_0.7,0
3,14,0,0,13,GF_0.7,0
4,14,0,0,14,GF_0.7,0
5,14,0,0,14,GF_0.7,0
6,14,0,0,14,GF_0.7,0
7,14,0,0,15,GF_0.7,0
8,14,0,0,15,GF_0.7,0
9,14,0,0,15,GF_0.7,0
46,14,0,0,13,GF_0.7,0
47,14,0,0,13,GF_0.7,0
48,14,0,0,13,GF_0.7,0
49,14,0,0,14,GF_0.7,0
50,14,0,0,14,GF_0.7,0
51,14,0,0,14,GF_0.7,0
52,14,0,0,15,GF_0.7,0
53,14,0,0,15,GF_0.7,0
54,14,0,0,15,GF_0.7,0
1,14,0,0,13,GF_1.2,0.059519398
2,14,0,0,13,GF_1.2,0.107315928
3,14,0,0,13,GF_1.2,0.086306361
4,14,0,0,14,GF_1.2,0.107972114
5,14,0,0,14,GF_1.2,0.108890391
6,14,0,0,14,GF_1.2,0
46,14,0,0,13,GF_1.2,0.017771014
47,14,0,0,13,GF_1.2,0.017771014
48,14,0,0,13,GF_1.2,0.017771014
49,14,0,0,14,GF_1.2,0.016253962
50,14,0,0,14,GF_1.2,0.016253962
51,14,0,0,14,GF_1.2,0.016253962
52,14,0,0,15,GF_1.2,0.849376805
53,14,0,0,15,GF_1.2,0.849376805
54,14,0,0,15,GF_1.2,0.849376805
1,14,0,0,13,GF_3.0,0
2,14,0,0,13,GF_3.0,0
3,14,0,0,13,GF_3.0,0
4,14,0,0,14,GF_3.0,0
5,14,0,0,14,GF_3.0,0
6,14,0,0,14,GF_3.0,0
7,14,0,0,15,GF_3.0,0.255949679
8,14,0,0,15,GF_3.0,0.20934667
9,14,0,0,15,GF_3.0,0.293617719
46,14,0,0,13,GF_3.0,0
47,14,0,0,13,GF_3.0,0
48,14,0,0,13,GF_3.0,0.031501964
49,14,0,0,14,GF_3.0,0
50,14,0,0,14,GF_3.0,0.026910131
51,14,0,0,14,GF_3.0,0.022028022
52,14,0,0,15,GF_3.0,0.431994675
53,14,0,0,15,GF_3.0,0.447154453
54,14,0,0,15,GF_3.0,0.738633273
10,14,5,95,1,MCE_0.2,0
11,14,5,95,1,MCE_0.2,0
12,14,5,95,1,MCE_0.2,0
55,14,5,95,1,MCE_0.2,0
56,14,5,95,1,MCE_0.2,0
57,14,5,95,1,MCE_0.2,0
10,14,5,95,1,MCE_0.45,0.96609043
11,14,5,95,1,MCE_0.45,0.830947794
12,14,5,95,1,MCE_0.45,0.885769725
55,14,5,95,1,MCE_0.45,1.406667405
56,14,5,95,1,MCE_0.45,1.046898658
57,14,5,95,1,MCE_0.45,1.130311168
10,14,5,95,1,GF_0.7,0
11,14,5,95,1,GF_0.7,0
12,14,5,95,1,GF_0.7,0
55,14,5,95,1,GF_0.7,0
56,14,5,95,1,GF_0.7,0
57,14,5,95,1,GF_0.7,0.419787029
10,14,5,95,1,GF_1.2,0
11,14,5,95,1,GF_1.2,0
12,14,5,95,1,GF_1.2,0
55,14,5,95,1,GF_1.2,20.31873539
56,14,5,95,1,GF_1.2,20.31873539
57,14,5,95,1,GF_1.2,20.31873539
10,14,5,95,1,GF_3.0,21.04509473
11,14,5,95,1,GF_3.0,17.402789
12,14,5,95,1,GF_3.0,22.19460309
55,14,5,95,1,GF_3.0,22.43018709
56,14,5,95,1,GF_3.0,20.22917569
57,14,5,95,1,GF_3.0,22.66829088
16,14,5,170,3,MCE_0.2,0.320673324
17,14,5,170,3,MCE_0.2,0.409529693
18,14,5,170,3,MCE_0.2,0.364561267
61,14,5,170,3,MCE_0.2,0.650581671
62,14,5,170,3,MCE_0.2,0.6639231
63,14,5,170,3,MCE_0.2,1.018435229
16,14,5,170,3,MCE_0.45,11.70283332
17,14,5,170,3,MCE_0.45,15.54886103
18,14,5,170,3,MCE_0.45,21.53359652
61,14,5,170,3,MCE_0.45,21.04408853
62,14,5,170,3,MCE_0.45,13.48675881
63,14,5,170,3,MCE_0.45,11.24684792
16,14,5,170,3,GF_0.7,0.406502746
17,14,5,170,3,GF_0.7,0
18,14,5,170,3,GF_0.7,0.783291995
61,14,5,170,3,GF_0.7,0
62,14,5,170,3,GF_0.7,0.358435318
63,14,5,170,3,GF_0.7,1.182293636
16,14,5,170,3,GF_1.2,144.0931479
17,14,5,170,3,GF_1.2,145.8275954
18,14,5,170,3,GF_1.2,149.5609601
61,14,5,170,3,GF_1.2,278.1714797
62,14,5,170,3,GF_1.2,278.1714797
63,14,5,170,3,GF_1.2,278.1714797
16,14,5,170,3,GF_3.0,44.73096132
17,14,5,170,3,GF_3.0,45.77365518
18,14,5,170,3,GF_3.0,43.14243197
61,14,5,170,3,GF_3.0,48.94344136
62,14,5,170,3,GF_3.0,51.78891867
63,14,5,170,3,GF_3.0,45.16127333
13,14,5,245,2,MCE_0.2,1.031953916
14,14,5,245,2,MCE_0.2,0.881898478
15,14,5,245,2,MCE_0.2,0.826194808
58,14,5,245,2,MCE_0.2,1.20616015
59,14,5,245,2,MCE_0.2,1.116173621
60,14,5,245,2,MCE_0.2,1.103283092
13,14,5,245,2,MCE_0.45,0.422592973
14,14,5,245,2,MCE_0.45,0.412418228
15,14,5,245,2,MCE_0.45,0.413697911
58,14,5,245,2,MCE_0.45,0.74146915
59,14,5,245,2,MCE_0.45,0.412670866
60,14,5,245,2,MCE_0.45,0.538277731
13,14,5,245,2,GF_0.7,4.71143052
14,14,5,245,2,GF_0.7,4.052036442
15,14,5,245,2,GF_0.7,4.377961624
58,14,5,245,2,GF_0.7,9.048872162
59,14,5,245,2,GF_0.7,8.453417104
60,14,5,245,2,GF_0.7,9.185574017
13,14,5,245,2,GF_1.2,18.66647005
14,14,5,245,2,GF_1.2,15.90468287
15,14,5,245,2,GF_1.2,15.5762126
58,14,5,245,2,GF_1.2,170.2094078
59,14,5,245,2,GF_1.2,170.2094078
60,14,5,245,2,GF_1.2,170.2094078
13,14,5,245,2,GF_3.0,25.14710128
14,14,5,245,2,GF_3.0,21.25300318
15,14,5,245,2,GF_3.0,22.13955075
58,14,5,245,2,GF_3.0,27.33452432
59,14,5,245,2,GF_3.0,25.08647926
60,14,5,245,2,GF_3.0,22.99191803
19,14,10,360,7,MCE_0.2,0.837436542
20,14,10,360,7,MCE_0.2,0.949857533
21,14,10,360,7,MCE_0.2,0
64,14,10,360,7,MCE_0.2,1.191486418
65,14,10,360,7,MCE_0.2,1.176896691
66,14,10,360,7,MCE_0.2,1.313884929
19,14,10,360,7,MCE_0.45,147.316587
20,14,10,360,7,MCE_0.45,163.7953639
21,14,10,360,7,MCE_0.45,118.0393934
64,14,10,360,7,MCE_0.45,122.6641461
65,14,10,360,7,MCE_0.45,97.67842293
66,14,10,360,7,MCE_0.45,99.6491164
19,14,10,360,7,GF_0.7,0
20,14,10,360,7,GF_0.7,1.04339933
21,14,10,360,7,GF_0.7,0.936429948
64,14,10,360,7,GF_0.7,1.745796471
65,14,10,360,7,GF_0.7,1.441518834
66,14,10,360,7,GF_0.7,1.358572918
19,14,10,360,7,GF_1.2,81.00047906
20,14,10,360,7,GF_1.2,74.86454646
21,14,10,360,7,GF_1.2,75.46395461
64,14,10,360,7,GF_1.2,0
65,14,10,360,7,GF_1.2,0
66,14,10,360,7,GF_1.2,0
19,14,10,360,7,GF_3.0,41.86413884
20,14,10,360,7,GF_3.0,43.73934865
21,14,10,360,7,GF_3.0,41.07705951
64,14,10,360,7,GF_3.0,51.49411783
65,14,10,360,7,GF_3.0,51.5175499
66,14,10,360,7,GF_3.0,49.55803975
25,14,10,465,9,MCE_0.2,25.81111431
26,14,10,465,9,MCE_0.2,23.02548885
27,14,10,465,9,MCE_0.2,21.05532646
70,14,10,465,9,MCE_0.2,23.87443781
71,14,10,465,9,MCE_0.2,23.74306619
72,14,10,465,9,MCE_0.2,23.94126058
25,14,10,465,9,MCE_0.45,0
26,14,10,465,9,MCE_0.45,0
27,14,10,465,9,MCE_0.45,0
70,14,10,465,9,MCE_0.45,0
71,14,10,465,9,MCE_0.45,0
72,14,10,465,9,MCE_0.45,0
25,14,10,465,9,GF_0.7,1.404149109
26,14,10,465,9,GF_0.7,0.407535263
27,14,10,465,9,GF_0.7,0.669888279
70,14,10,465,9,GF_0.7,2.093888324
71,14,10,465,9,GF_0.7,0.746647638
72,14,10,465,9,GF_0.7,0.483829572
25,14,10,465,9,GF_1.2,1.490949715
26,14,10,465,9,GF_1.2,1.302213346
27,14,10,465,9,GF_1.2,1.563786715
70,14,10,465,9,GF_1.2,2.881995402
71,14,10,465,9,GF_1.2,2.881995402
72,14,10,465,9,GF_1.2,2.881995402
25,14,10,465,9,GF_3.0,70.71775794
26,14,10,465,9,GF_3.0,74.39401746
27,14,10,465,9,GF_3.0,71.17504478
70,14,10,465,9,GF_3.0,85.1374045
71,14,10,465,9,GF_3.0,86.64878458
72,14,10,465,9,GF_3.0,82.11178333
22,14,10,530,8,MCE_0.2,20.99594831
23,14,10,530,8,MCE_0.2,26.65008068
24,14,10,530,8,MCE_0.2,18.63437772
67,14,10,530,8,MCE_0.2,21.01804316
68,14,10,530,8,MCE_0.2,32.09914267
69,14,10,530,8,MCE_0.2,20.12020499
22,14,10,530,8,MCE_0.45,66.53241515
23,14,10,530,8,MCE_0.45,67.79125333
24,14,10,530,8,MCE_0.45,66.35531187
67,14,10,530,8,MCE_0.45,69.27350163
68,14,10,530,8,MCE_0.45,97.27929533
69,14,10,530,8,MCE_0.45,63.63405287
22,14,10,530,8,GF_0.7,10.2446964
23,14,10,530,8,GF_0.7,7.78047787
24,14,10,530,8,GF_0.7,9.269784205
67,14,10,530,8,GF_0.7,17.62168016
68,14,10,530,8,GF_0.7,18.31063884
69,14,10,530,8,GF_0.7,21.00078622
22,14,10,530,8,GF_1.2,156.3410282
23,14,10,530,8,GF_1.2,159.5049381
24,14,10,530,8,GF_1.2,148.2144992
67,14,10,530,8,GF_1.2,184.4882766
68,14,10,530,8,GF_1.2,184.4882766
69,14,10,530,8,GF_1.2,184.4882766
22,14,10,530,8,GF_3.0,16.05865508
23,14,10,530,8,GF_3.0,14.96679932
24,14,10,530,8,GF_3.0,15.20000398
67,14,10,530,8,GF_3.0,19.77620833
68,14,10,530,8,GF_3.0,19.65485699
69,14,10,530,8,GF_3.0,17.76129566
28,14,15,560,10,MCE_0.2,4.747256041
29,14,15,560,10,MCE_0.2,0
30,14,15,560,10,MCE_0.2,4.713980258
73,14,15,560,10,MCE_0.2,5.899423733
74,14,15,560,10,MCE_0.2,10.55965573
75,14,15,560,10,MCE_0.2,7.475951314
28,14,15,560,10,MCE_0.45,31.04313314
29,14,15,560,10,MCE_0.45,24.95436519
30,14,15,560,10,MCE_0.45,44.93696988
73,14,15,560,10,MCE_0.45,25.49001761
74,14,15,560,10,MCE_0.45,20.8530575
75,14,15,560,10,MCE_0.45,19.20756884
28,14,15,560,10,GF_0.7,3.887220519
29,14,15,560,10,GF_0.7,6.283184513
30,14,15,560,10,GF_0.7,0
73,14,15,560,10,GF_0.7,2.960003621
74,14,15,560,10,GF_0.7,7.581178215
75,14,15,560,10,GF_0.7,2.914519573
28,14,15,560,10,GF_1.2,464.1493162
29,14,15,560,10,GF_1.2,439.772447
30,14,15,560,10,GF_1.2,447.7357546
73,14,15,560,10,GF_1.2,481.4316432
74,14,15,560,10,GF_1.2,481.4316432
75,14,15,560,10,GF_1.2,481.4316432
28,14,15,560,10,GF_3.0,118.8648582
29,14,15,560,10,GF_3.0,110.5185986
30,14,15,560,10,GF_3.0,109.4974518
73,14,15,560,10,GF_3.0,131.0365349
74,14,15,560,10,GF_3.0,127.5482029
75,14,15,560,10,GF_3.0,122.0967472
34,14,15,595,12,MCE_0.2,12.96140671
35,14,15,595,12,MCE_0.2,11.74307823
36,14,15,595,12,MCE_0.2,11.87080741
79,14,15,595,12,MCE_0.2,17.23342836
80,14,15,595,12,MCE_0.2,13.19531947
81,14,15,595,12,MCE_0.2,12.9707858
34,14,15,595,12,MCE_0.45,104.2770624
35,14,15,595,12,MCE_0.45,105.0324559
36,14,15,595,12,MCE_0.45,62.72993684
79,14,15,595,12,MCE_0.45,241.7212278
80,14,15,595,12,MCE_0.45,59.43173915
81,14,15,595,12,MCE_0.45,103.1658575
34,14,15,595,12,GF_0.7,13.02518416
35,14,15,595,12,GF_0.7,10.48857439
36,14,15,595,12,GF_0.7,9.798745625
79,14,15,595,12,GF_0.7,22.22770592
80,14,15,595,12,GF_0.7,14.15600302
81,14,15,595,12,GF_0.7,13.4144607
34,14,15,595,12,GF_1.2,157.6538881
35,14,15,595,12,GF_1.2,158.1038157
36,14,15,595,12,GF_1.2,165.0453409
79,14,15,595,12,GF_1.2,158.8773429
80,14,15,595,12,GF_1.2,158.8773429
81,14,15,595,12,GF_1.2,158.8773429
34,14,15,595,12,GF_3.0,152.0082235
35,14,15,595,12,GF_3.0,141.9564128
36,14,15,595,12,GF_3.0,142.5232291
79,14,15,595,12,GF_3.0,179.2193949
80,14,15,595,12,GF_3.0,179.5403808
81,14,15,595,12,GF_3.0,167.951256
31,14,15,605,11,MCE_0.2,3.566960692
32,14,15,605,11,MCE_0.2,3.254174888
33,14,15,605,11,MCE_0.2,3.39681536
76,14,15,605,11,MCE_0.2,4.153388739
77,14,15,605,11,MCE_0.2,4.20104824
78,14,15,605,11,MCE_0.2,3.861392662
31,14,15,605,11,MCE_0.45,93.49170923
32,14,15,605,11,MCE_0.45,149.5989084
33,14,15,605,11,MCE_0.45,118.8021302
76,14,15,605,11,MCE_0.45,124.6828362
77,14,15,605,11,MCE_0.45,152.3772329
78,14,15,605,11,MCE_0.45,158.0704898
31,14,15,605,11,GF_0.7,3.665681696
32,14,15,605,11,GF_0.7,2.978231059
33,14,15,605,11,GF_0.7,3.262882587
76,14,15,605,11,GF_0.7,8.684346685
77,14,15,605,11,GF_0.7,5.419832305
78,14,15,605,11,GF_0.7,5.951516796
31,14,15,605,11,GF_1.2,335.2596601
32,14,15,605,11,GF_1.2,376.0217667
33,14,15,605,11,GF_1.2,303.5479228
76,14,15,605,11,GF_1.2,309.8057707
77,14,15,605,11,GF_1.2,309.8057707
78,14,15,605,11,GF_1.2,309.8057707
31,14,15,605,11,GF_3.0,63.59128952
32,14,15,605,11,GF_3.0,70.38521767
33,14,15,605,11,GF_3.0,58.55231285
76,14,15,605,11,GF_3.0,73.88266176
77,14,15,605,11,GF_3.0,70.34487277
78,14,15,605,11,GF_3.0,72.78621942
43,14,20,805,6,MCE_0.2,0
44,14,20,805,6,MCE_0.2,20.219028
45,14,20,805,6,MCE_0.2,19.49805975
88,14,20,805,6,MCE_0.2,22.72441536
89,14,20,805,6,MCE_0.2,21.01949006
90,14,20,805,6,MCE_0.2,20.35914063
43,14,20,805,6,MCE_0.45,120.1793551
44,14,20,805,6,MCE_0.45,107.0252895
45,14,20,805,6,MCE_0.45,117.0311928
88,14,20,805,6,MCE_0.45,130.6141615
89,14,20,805,6,MCE_0.45,130.6082755
90,14,20,805,6,MCE_0.45,102.164872
43,14,20,805,6,GF_0.7,15.48794936
44,14,20,805,6,GF_0.7,20.27325332
45,14,20,805,6,GF_0.7,18.61393079
88,14,20,805,6,GF_0.7,40.00533838
89,14,20,805,6,GF_0.7,31.00805916
90,14,20,805,6,GF_0.7,34.53006037
43,14,20,805,6,GF_1.2,29.18107112
44,14,20,805,6,GF_1.2,28.76451612
45,14,20,805,6,GF_1.2,0
88,14,20,805,6,GF_1.2,100.9941101
89,14,20,805,6,GF_1.2,100.9941101
90,14,20,805,6,GF_1.2,100.9941101
43,14,20,805,6,GF_3.0,141.9001102
44,14,20,805,6,GF_3.0,140.9567356
45,14,20,805,6,GF_3.0,137.287271
88,14,20,805,6,GF_3.0,171.6564
89,14,20,805,6,GF_3.0,166.2779897
90,14,20,805,6,GF_3.0,162.3093337
40,14,20,945,5,MCE_0.2,1.448022127
41,14,20,945,5,MCE_0.2,1.444282979
42,14,20,945,5,MCE_0.2,1.484298706
85,14,20,945,5,MCE_0.2,1.930402219
86,14,20,945,5,MCE_0.2,1.90856792
87,14,20,945,5,MCE_0.2,2.017217316
40,14,20,945,5,MCE_0.45,5.100029707
41,14,20,945,5,MCE_0.45,7.134517282
42,14,20,945,5,MCE_0.45,7.087307423
85,14,20,945,5,MCE_0.45,13.22009042
86,14,20,945,5,MCE_0.45,7.129785605
87,14,20,945,5,MCE_0.45,6.208376028
40,14,20,945,5,GF_0.7,44.51829195
41,14,20,945,5,GF_0.7,37.71744668
42,14,20,945,5,GF_0.7,29.09654193
85,14,20,945,5,GF_0.7,58.8605972
86,14,20,945,5,GF_0.7,59.38429385
87,14,20,945,5,GF_0.7,50.23088772
40,14,20,945,5,GF_1.2,7.469494144
41,14,20,945,5,GF_1.2,9.437502424
42,14,20,945,5,GF_1.2,8.948840698
85,14,20,945,5,GF_1.2,38.89143715
86,14,20,945,5,GF_1.2,38.89143715
87,14,20,945,5,GF_1.2,38.89143715
40,14,20,945,5,GF_3.0,171.3036776
41,14,20,945,5,GF_3.0,167.8909898
42,14,20,945,5,GF_3.0,174.5663047
85,14,20,945,5,GF_3.0,215.6844586
86,14,20,945,5,GF_3.0,194.459185
87,14,20,945,5,GF_3.0,196.8583018
37,14,20,995,4,MCE_0.2,0
38,14,20,995,4,MCE_0.2,5.349041224
39,14,20,995,4,MCE_0.2,4.948580861
82,14,20,995,4,MCE_0.2,8.230120689
83,14,20,995,4,MCE_0.2,5.708313733
84,14,20,995,4,MCE_0.2,9.905511886
37,14,20,995,4,MCE_0.45,19.92165893
38,14,20,995,4,MCE_0.45,24.39151704
39,14,20,995,4,MCE_0.45,33.44231546
82,14,20,995,4,MCE_0.45,23.10254797
83,14,20,995,4,MCE_0.45,18.68978329
84,14,20,995,4,MCE_0.45,6.221959833
37,14,20,995,4,GF_0.7,3.083285876
38,14,20,995,4,GF_0.7,2.135049086
39,14,20,995,4,GF_0.7,2.272122772
82,14,20,995,4,GF_0.7,7.990436861
83,14,20,995,4,GF_0.7,2.81287299
84,14,20,995,4,GF_0.7,4.217695387
37,14,20,995,4,GF_1.2,282.3243141
38,14,20,995,4,GF_1.2,280.3587596
39,14,20,995,4,GF_1.2,291.9040998
82,14,20,995,4,GF_1.2,13.43571146
83,14,20,995,4,GF_1.2,13.43571146
84,14,20,995,4,GF_1.2,13.43571146
37,14,20,995,4,GF_3.0,176.1110544
38,14,20,995,4,GF_3.0,174.3366838
39,14,20,995,4,GF_3.0,167.1055317
82,14,20,995,4,GF_3.0,205.6537271
83,14,20,995,4,GF_3.0,195.4901069
84,14,20,995,4,GF_3.0,191.2629157